,Compression,,Expansion
0,0,0,0
1,1,1,1
2,2,2,2
3,3,3,3
4,4,4,4
5,5,5,5
6,6,6,6
7,7,7,7
8,8,8,8
9,9,9,9
10,10,10,10
11,11,11,11
12,12,12,12
13,13,13,13
14,14,14,14
15,15,15,15
16,16,16,16
17,17,17,17
18,18,18,18
19,19,19,19
20,20,20,20
21,21,21,21
22,22,22,22
23,23,23,23
24,24,24,24
25,25,25,25
26,26,26,26
27,27,27,27
28,28,28,28
29,29,29,29
30,30,30,30
31,31,31,31
32,32,32,32
33,33,33,33
34,34,34,34
35,35,35,35
36,36,36,36
37,37,37,37
38,38,38,38
39,39,39,39
40,40,40,40
41,41,41,41
42,42,42,42
43,43,43,43
44,44,44,44
45,45,45,45
46,46,46,46
47,47,47,47
48,48,48,48
49,49,49,49
50,50,50,50
51,51,51,51
52,52,52,52
53,53,53,53
54,54,54,54
55,55,55,55
56,56,56,56
57,57,57,57
58,58,58,58
59,59,59,59
60,60,60,60
61,61,61,61
62,62,62,62
63,63,63,63
64,64,64,64
65,65,65,65
66,66,66,66
67,67,67,67
68,68,68,68
69,69,69,69
70,70,70,70
71,71,71,71
72,72,72,72
73,73,73,73
74,74,74,74
75,75,75,75
76,76,76,76
77,77,77,77
78,78,78,78
79,79,79,79
80,80,80,80
81,81,81,81
82,82,82,82
83,83,83,83
84,84,84,84
85,85,85,85
86,86,86,86
87,87,87,87
88,88,88,88
89,89,89,89
90,90,90,90
91,91,91,91
92,92,92,92
93,93,93,93
94,94,94,94
95,95,95,95
96,96,96,96
97,97,97,97
98,98,98,98
99,99,99,99
100,100,100,100
101,101,101,101
102,102,102,102
103,103,103,103
104,104,104,104
105,105,105,105
106,106,106,106
107,107,107,107
108,108,108,108
109,109,109,109
110,110,110,110
111,111,111,111
112,112,112,112
113,113,113,113
114,114,114,114
115,115,115,115
116,116,116,116
117,117,117,117
118,118,118,118
119,119,119,119
120,120,120,120
121,121,121,121
122,122,122,122
123,123,123,123
124,124,124,124
125,125,125,125
126,126,126,126
127,127,127,127
128,128,128,128
129,129,129,129
130,130,130,130
131,131,131,131
132,132,132,132
133,133,133,133
134,134,134,134
135,135,135,135
136,136,136,136
137,137,137,137
138,138,138,138
139,139,139,139
140,140,140,140
141,141,141,141
142,142,142,142
143,143,143,143
144,144,144,144
145,145,145,145
146,146,146,146
147,147,147,147
148,148,148,148
149,149,149,149
150,150,150,150
151,151,151,151
152,152,152,152
153,153,153,153
154,154,154,154
155,155,155,155
156,156,156,156
157,157,157,157
158,158,158,158
159,159,159,159
160,160,160,160
161,161,161,161
162,162,162,162
163,163,163,163
164,164,164,164
165,165,165,165
166,166,166,166
167,167,167,167
168,168,168,168
169,169,169,169
170,170,170,170
171,171,171,171
172,172,172,172
173,173,173,173
174,174,174,174
175,175,175,175
176,176,176,176
177,177,177,177
178,178,178,178
179,179,179,179
180,180,180,180
181,181,181,181
182,182,182,182
183,183,183,183
184,184,184,184
185,185,185,185
186,186,186,186
187,187,187,187
188,188,188,188
189,189,189,189
190,190,190,190
191,191,191,191
192,192,192,192
193,193,193,193
194,194,194,194
195,195,195,195
196,196,196,196
197,197,197,197
198,198,198,198
199,199,199,199
200,200,200,200
201,201,201,201
202,202,202,202
203,203,203,203
204,204,204,204
205,205,205,205
206,206,206,206
207,207,207,207
208,208,208,208
209,209,209,209
210,210,210,210
211,211,211,211
212,212,212,212
213,213,213,213
214,214,214,214
215,215,215,215
216,216,216,216
217,217,217,217
218,218,218,218
219,219,219,219
220,220,220,220
221,221,221,221
222,222,222,222
223,223,223,223
224,224,224,224
225,225,225,225
226,226,226,226
227,227,227,227
228,228,228,228
229,229,229,229
230,230,230,230
231,231,231,231
232,232,232,232
233,233,233,233
234,234,234,234
235,235,235,235
236,236,236,236
237,237,237,237
238,238,238,238
239,239,239,239
240,240,240,240
241,241,241,241
242,242,242,242
243,243,243,243
244,244,244,244
245,245,245,245
246,246,246,246
247,247,247,247
248,248,248,248
249,249,249,249
250,250,250,250
251,251,251,251
252,252,252,252
253,253,253,253
254,254,254,254
255,255,255,255
256,256,256,256
257,257,257,257
258,258,258,258
259,259,259,259
260,260,260,260
261,261,261,261
262,262,262,262
263,263,263,263
264,264,264,264
265,265,265,265
266,266,266,266
267,267,267,267
268,268,268,268
269,269,269,269
270,270,270,270
271,271,271,271
272,272,272,272
273,273,273,273
274,274,274,274
275,275,275,275
276,276,276,276
277,277,277,277
278,278,278,278
279,279,279,279
280,280,280,280
281,281,281,281
282,282,282,282
283,283,283,283
284,284,284,284
285,285,285,285
286,286,286,286
287,287,287,287
288,288,288,288
289,289,289,289
290,290,290,290
291,291,291,291
292,292,292,292
293,293,293,293
294,294,294,294
295,295,295,295
296,296,296,296
297,297,297,297
298,298,298,298
299,299,299,299
300,300,300,300
301,300,301,302
302,301,302,303
303,302,303,304
304,303,304,305
305,304,305,306
306,305,306,307
307,306,307,308
308,307,308,309
309,308,309,310
310,309,310,311
311,310,311,312
312,311,312,313
313,312,313,315
314,312,314,316
315,313,315,317
316,314,316,318
317,315,317,319
318,316,318,320
319,317,319,321
320,318,320,322
321,319,321,324
322,320,322,325
323,320,323,326
324,321,324,327
325,322,325,328
326,323,326,329
327,324,327,330
328,325,328,332
329,326,329,333
330,327,330,334
331,327,331,335
332,328,332,336
333,329,333,338
334,330,334,339
335,331,335,340
336,332,336,341
337,333,337,342
338,333,338,344
339,334,339,345
340,335,340,346
341,336,341,347
342,337,342,348
343,338,343,350
344,338,344,351
345,339,345,352
346,340,346,353
347,341,347,355
348,342,348,356
349,342,349,357
350,343,350,358
351,344,351,360
352,345,352,361
353,346,353,362
354,346,354,364
355,347,355,365
356,348,356,366
357,349,357,367
358,350,358,369
359,350,359,370
360,351,360,371
361,352,361,373
362,353,362,374
363,354,363,375
364,354,364,377
365,355,365,378
366,356,366,379
367,357,367,381
368,357,368,382
369,358,369,383
370,359,370,385
371,360,371,386
372,361,372,387
373,361,373,389
374,362,374,390
375,363,375,391
376,364,376,393
377,364,377,394
378,365,378,396
379,366,379,397
380,367,380,398
381,367,381,400
382,368,382,401
383,369,383,403
384,370,384,404
385,370,385,405
386,371,386,407
387,372,387,408
388,372,388,410
389,373,389,411
390,374,390,413
391,375,391,414
392,375,392,416
393,376,393,417
394,377,394,419
395,378,395,420
396,378,396,422
397,379,397,423
398,380,398,425
399,380,399,426
400,381,400,428
401,382,401,429
402,383,402,431
403,383,403,432
404,384,404,434
405,385,405,435
406,385,406,437
407,386,407,438
408,387,408,440
409,387,409,441
410,388,410,443
411,389,411,444
412,390,412,446
413,390,413,448
414,391,414,449
415,392,415,451
416,392,416,452
417,393,417,454
418,394,418,456
419,394,419,457
420,395,420,459
421,396,421,460
422,396,422,462
423,397,423,464
424,398,424,465
425,398,425,467
426,399,426,469
427,400,427,470
428,400,428,472
429,401,429,474
430,402,430,475
431,402,431,477
432,403,432,479
433,404,433,480
434,404,434,482
435,405,435,484
436,406,436,485
437,406,437,487
438,407,438,489
439,408,439,491
440,408,440,492
441,409,441,494
442,409,442,496
443,410,443,498
444,411,444,499
445,411,445,501
446,412,446,503
447,413,447,505
448,413,448,506
449,414,449,508
450,415,450,510
451,415,451,512
452,416,452,514
453,416,453,515
454,417,454,517
455,418,455,519
456,418,456,521
457,419,457,523
458,420,458,525
459,420,459,526
460,421,460,528
461,421,461,530
462,422,462,532
463,423,463,534
464,423,464,536
465,424,465,538
466,424,466,540
467,425,467,541
468,426,468,543
469,426,469,545
470,427,470,547
471,427,471,549
472,428,472,551
473,429,473,553
474,429,474,555
475,430,475,557
476,430,476,559
477,431,477,561
478,432,478,563
479,432,479,565
480,433,480,567
481,433,481,569
482,434,482,571
483,435,483,573
484,435,484,575
485,436,485,577
486,436,486,579
487,437,487,581
488,438,488,583
489,438,489,585
490,439,490,587
491,439,491,589
492,440,492,591
493,440,493,593
494,441,494,596
495,442,495,598
496,442,496,600
497,443,497,602
498,443,498,604
499,444,499,606
500,444,500,608
501,445,501,610
502,446,502,613
503,446,503,615
504,447,504,617
505,447,505,619
506,448,506,621
507,448,507,623
508,449,508,626
509,449,509,628
510,450,510,630
511,451,511,632
512,451,512,635
513,452,513,637
514,452,514,639
515,453,515,641
516,453,516,644
517,454,517,646
518,454,518,648
519,455,519,650
520,456,520,653
521,456,521,655
522,457,522,657
523,457,523,660
524,458,524,662
525,458,525,664
526,459,526,667
527,459,527,669
528,460,528,671
529,460,529,674
530,461,530,676
531,461,531,679
532,462,532,681
533,463,533,683
534,463,534,686
535,464,535,688
536,464,536,691
537,465,537,693
538,465,538,695
539,466,539,698
540,466,540,700
541,467,541,703
542,467,542,705
543,468,543,708
544,468,544,710
545,469,545,713
546,469,546,715
547,470,547,718
548,470,548,720
549,471,549,723
550,471,550,726
551,472,551,728
552,472,552,731
553,473,553,733
554,473,554,736
555,474,555,738
556,475,556,741
557,475,557,744
558,476,558,746
559,476,559,749
560,477,560,752
561,477,561,754
562,478,562,757
563,478,563,760
564,479,564,762
565,479,565,765
566,480,566,768
567,480,567,770
568,481,568,773
569,481,569,776
570,482,570,779
571,482,571,781
572,483,572,784
573,483,573,787
574,484,574,790
575,484,575,792
576,485,576,795
577,485,577,798
578,486,578,801
579,486,579,804
580,487,580,807
581,487,581,809
582,487,582,812
583,488,583,815
584,488,584,818
585,489,585,821
586,489,586,824
587,490,587,827
588,490,588,830
589,491,589,833
590,491,590,835
591,492,591,838
592,492,592,841
593,493,593,844
594,493,594,847
595,494,595,850
596,494,596,853
597,495,597,856
598,495,598,859
599,496,599,862
600,496,600,865
601,497,601,869
602,497,602,872
603,498,603,875
604,498,604,878
605,498,605,881
606,499,606,884
607,499,607,887
608,500,608,890
609,500,609,893
610,501,610,897
611,501,611,900
612,502,612,903
613,502,613,906
614,503,614,909
615,503,615,912
616,504,616,916
617,504,617,919
618,504,618,922
619,505,619,925
620,505,620,929
621,506,621,932
622,506,622,935
623,507,623,939
624,507,624,942
625,508,625,945
626,508,626,949
627,509,627,952
628,509,628,955
629,510,629,959
630,510,630,962
631,510,631,965
632,511,632,969
633,511,633,972
634,512,634,976
635,512,635,979
636,513,636,983
637,513,637,986
638,514,638,990
639,514,639,993
640,514,640,997
641,515,641,1000
642,515,642,1004
643,516,643,1007
644,516,644,1011
645,517,645,1014
646,517,646,1018
647,518,647,1021
648,518,648,1025
649,518,649,1029
650,519,650,1032
651,519,651,1036
652,520,652,1040
653,520,653,1043
654,521,654,1047
655,521,655,1051
656,521,656,1054
657,522,657,1058
658,522,658,1062
659,523,659,1066
660,523,660,1069
661,524,661,1073
662,524,662,1077
663,524,663,1081
664,525,664,1085
665,525,665,1088
666,526,666,1092
667,526,667,1096
668,527,668,1100
669,527,669,1104
670,527,670,1108
671,528,671,1112
672,528,672,1116
673,529,673,1120
674,529,674,1123
675,530,675,1127
676,530,676,1131
677,530,677,1135
678,531,678,1139
679,531,679,1143
680,532,680,1147
681,532,681,1152
682,532,682,1156
683,533,683,1160
684,533,684,1164
685,534,685,1168
686,534,686,1172
687,535,687,1176
688,535,688,1180
689,535,689,1184
690,536,690,1189
691,536,691,1193
692,537,692,1197
693,537,693,1201
694,537,694,1206
695,538,695,1210
696,538,696,1214
697,539,697,1218
698,539,698,1223
699,539,699,1227
700,540,700,1231
701,540,701,1236
702,541,702,1240
703,541,703,1244
704,541,704,1249
705,542,705,1253
706,542,706,1258
707,543,707,1262
708,543,708,1267
709,543,709,1271
710,544,710,1276
711,544,711,1280
712,545,712,1285
713,545,713,1289
714,545,714,1294
715,546,715,1298
716,546,716,1303
717,547,717,1307
718,547,718,1312
719,547,719,1317
720,548,720,1321
721,548,721,1326
722,549,722,1331
723,549,723,1335
724,549,724,1340
725,550,725,1345
726,550,726,1350
727,551,727,1354
728,551,728,1359
729,551,729,1364
730,552,730,1369
731,552,731,1374
732,553,732,1378
733,553,733,1383
734,553,734,1388
735,554,735,1393
736,554,736,1398
737,554,737,1403
738,555,738,1408
739,555,739,1413
740,556,740,1418
741,556,741,1423
742,556,742,1428
743,557,743,1433
744,557,744,1438
745,558,745,1443
746,558,746,1448
747,558,747,1453
748,559,748,1458
749,559,749,1464
750,559,750,1469
751,560,751,1474
752,560,752,1479
753,561,753,1484
754,561,754,1490
755,561,755,1495
756,562,756,1500
757,562,757,1505
758,562,758,1511
759,563,759,1516
760,563,760,1521
761,564,761,1527
762,564,762,1532
763,564,763,1538
764,565,764,1543
765,565,765,1549
766,565,766,1554
767,566,767,1559
768,566,768,1565
769,566,769,1571
770,567,770,1576
771,567,771,1582
772,568,772,1587
773,568,773,1593
774,568,774,1598
775,569,775,1604
776,569,776,1610
777,569,777,1615
778,570,778,1621
779,570,779,1627
780,571,780,1633
781,571,781,1638
782,571,782,1644
783,572,783,1650
784,572,784,1656
785,572,785,1662
786,573,786,1668
787,573,787,1673
788,573,788,1679
789,574,789,1685
790,574,790,1691
791,574,791,1697
792,575,792,1703
793,575,793,1709
794,576,794,1715
795,576,795,1721
796,576,796,1727
797,577,797,1733
798,577,798,1740
799,577,799,1746
800,578,800,1752
801,578,801,1758
802,578,802,1764
803,579,803,1771
804,579,804,1777
805,579,805,1783
806,580,806,1789
807,580,807,1796
808,581,808,1802
809,581,809,1808
810,581,810,1815
811,582,811,1821
812,582,812,1828
813,582,813,1834
814,583,814,1841
815,583,815,1847
816,583,816,1854
817,584,817,1860
818,584,818,1867
819,584,819,1873
820,585,820,1880
821,585,821,1887
822,585,822,1893
823,586,823,1900
824,586,824,1907
825,586,825,1913
826,587,826,1920
827,587,827,1927
828,587,828,1934
829,588,829,1941
830,588,830,1947
831,588,831,1954
832,589,832,1961
833,589,833,1968
834,590,834,1975
835,590,835,1982
836,590,836,1989
837,591,837,1996
838,591,838,2003
839,591,839,2010
840,592,840,2017
841,592,841,2024
842,592,842,2032
843,593,843,2039
844,593,844,2046
845,593,845,2053
846,594,846,2060
847,594,847,2068
848,594,848,2075
849,595,849,2082
850,595,850,2090
851,595,851,2097
852,596,852,2105
853,596,853,2112
854,596,854,2119
855,597,855,2127
856,597,856,2134
857,597,857,2142
858,598,858,2150
859,598,859,2157
860,598,860,2165
861,599,861,2172
862,599,862,2180
863,599,863,2188
864,600,864,2195
865,600,865,2203
866,600,866,2211
867,601,867,2219
868,601,868,2227
869,601,869,2235
870,601,870,2242
871,602,871,2250
872,602,872,2258
873,602,873,2266
874,603,874,2274
875,603,875,2282
876,603,876,2290
877,604,877,2298
878,604,878,2307
879,604,879,2315
880,605,880,2323
881,605,881,2331
882,605,882,2339
883,606,883,2348
884,606,884,2356
885,606,885,2364
886,607,886,2373
887,607,887,2381
888,607,888,2389
889,608,889,2398
890,608,890,2406
891,608,891,2415
892,609,892,2423
893,609,893,2432
894,609,894,2440
895,610,895,2449
896,610,896,2458
897,610,897,2466
898,610,898,2475
899,611,899,2484
900,611,900,2493
901,611,901,2501
902,612,902,2510
903,612,903,2519
904,612,904,2528
905,613,905,2537
906,613,906,2546
907,613,907,2555
908,614,908,2564
909,614,909,2573
910,614,910,2582
911,615,911,2591
912,615,912,2600
913,615,913,2610
914,615,914,2619
915,616,915,2628
916,616,916,2637
917,616,917,2647
918,617,918,2656
919,617,919,2665
920,617,920,2675
921,618,921,2684
922,618,922,2694
923,618,923,2703
924,619,924,2713
925,619,925,2722
926,619,926,2732
927,619,927,2742
928,620,928,2751
929,620,929,2761
930,620,930,2771
931,621,931,2781
932,621,932,2790
933,621,933,2800
934,622,934,2810
935,622,935,2820
936,622,936,2830
937,623,937,2840
938,623,938,2850
939,623,939,2860
940,623,940,2870
941,624,941,2880
942,624,942,2890
943,624,943,2900
944,625,944,2910
945,625,945,2920
946,625,946,2930
947,626,947,2940
948,626,948,2950
949,626,949,2960
950,626,950,2970
951,627,951,2980
952,627,952,2990
953,627,953,3000
954,628,954,3010
955,628,955,3020
956,628,956,3030
957,629,957,3040
958,629,958,3050
959,629,959,3060
960,629,960,3070
961,630,961,3080
962,630,962,3090
963,630,963,3100
964,631,964,3110
965,631,965,3120
966,631,966,3130
967,631,967,3140
968,632,968,3150
969,632,969,3160
970,632,970,3170
971,633,971,3180
972,633,972,3190
973,633,973,3200
974,634,974,3210
975,634,975,3220
976,634,976,3230
977,634,977,3240
978,635,978,3250
979,635,979,3260
980,635,980,3270
981,636,981,3280
982,636,982,3290
983,636,983,3300
984,636,984,3310
985,637,985,3320
986,637,986,3330
987,637,987,3340
988,638,988,3350
989,638,989,3360
990,638,990,3370
991,638,991,3380
992,639,992,3390
993,639,993,3400
994,639,994,3410
995,640,995,3420
996,640,996,3430
997,640,997,3440
998,640,998,3450
999,641,999,3460
1000,641,1000,3470
1001,641,1001,3480
1002,642,1002,3490
1003,642,1003,3500
1004,642,1004,3510
1005,642,1005,3520
1006,643,1006,3530
1007,643,1007,3540
1008,643,1008,3550
1009,644,1009,3560
1010,644,1010,3570
1011,644,1011,3580
1012,644,1012,3590
1013,645,1013,3600
1014,645,1014,3610
1015,645,1015,3620
1016,645,1016,3630
1017,646,1017,3640
1018,646,1018,3650
1019,646,1019,3660
1020,647,1020,3670
1021,647,1021,3680
1022,647,1022,3690
1023,647,1023,3700
1024,648,1024,3700
1025,648,,
1026,648,,
1027,649,,
1028,649,,
1029,649,,
1030,649,,
1031,650,,
1032,650,,
1033,650,,
1034,650,,
1035,651,,
1036,651,,
1037,651,,
1038,652,,
1039,652,,
1040,652,,
1041,652,,
1042,653,,
1043,653,,
1044,653,,
1045,653,,
1046,654,,
1047,654,,
1048,654,,
1049,655,,
1050,655,,
1051,655,,
1052,655,,
1053,656,,
1054,656,,
1055,656,,
1056,656,,
1057,657,,
1058,657,,
1059,657,,
1060,658,,
1061,658,,
1062,658,,
1063,658,,
1064,659,,
1065,659,,
1066,659,,
1067,659,,
1068,660,,
1069,660,,
1070,660,,
1071,660,,
1072,661,,
1073,661,,
1074,661,,
1075,661,,
1076,662,,
1077,662,,
1078,662,,
1079,663,,
1080,663,,
1081,663,,
1082,663,,
1083,664,,
1084,664,,
1085,664,,
1086,664,,
1087,665,,
1088,665,,
1089,665,,
1090,665,,
1091,666,,
1092,666,,
1093,666,,
1094,666,,
1095,667,,
1096,667,,
1097,667,,
1098,667,,
1099,668,,
1100,668,,
1101,668,,
1102,669,,
1103,669,,
1104,669,,
1105,669,,
1106,670,,
1107,670,,
1108,670,,
1109,670,,
1110,671,,
1111,671,,
1112,671,,
1113,671,,
1114,672,,
1115,672,,
1116,672,,
1117,672,,
1118,673,,
1119,673,,
1120,673,,
1121,673,,
1122,674,,
1123,674,,
1124,674,,
1125,674,,
1126,675,,
1127,675,,
1128,675,,
1129,675,,
1130,676,,
1131,676,,
1132,676,,
1133,676,,
1134,677,,
1135,677,,
1136,677,,
1137,677,,
1138,678,,
1139,678,,
1140,678,,
1141,678,,
1142,679,,
1143,679,,
1144,679,,
1145,679,,
1146,680,,
1147,680,,
1148,680,,
1149,680,,
1150,681,,
1151,681,,
1152,681,,
1153,681,,
1154,682,,
1155,682,,
1156,682,,
1157,682,,
1158,683,,
1159,683,,
1160,683,,
1161,683,,
1162,684,,
1163,684,,
1164,684,,
1165,684,,
1166,685,,
1167,685,,
1168,685,,
1169,685,,
1170,686,,
1171,686,,
1172,686,,
1173,686,,
1174,686,,
1175,687,,
1176,687,,
1177,687,,
1178,687,,
1179,688,,
1180,688,,
1181,688,,
1182,688,,
1183,689,,
1184,689,,
1185,689,,
1186,689,,
1187,690,,
1188,690,,
1189,690,,
1190,690,,
1191,691,,
1192,691,,
1193,691,,
1194,691,,
1195,692,,
1196,692,,
1197,692,,
1198,692,,
1199,692,,
1200,693,,
1201,693,,
1202,693,,
1203,693,,
1204,694,,
1205,694,,
1206,694,,
1207,694,,
1208,695,,
1209,695,,
1210,695,,
1211,695,,
1212,696,,
1213,696,,
1214,696,,
1215,696,,
1216,696,,
1217,697,,
1218,697,,
1219,697,,
1220,697,,
1221,698,,
1222,698,,
1223,698,,
1224,698,,
1225,699,,
1226,699,,
1227,699,,
1228,699,,
1229,699,,
1230,700,,
1231,700,,
1232,700,,
1233,700,,
1234,701,,
1235,701,,
1236,701,,
1237,701,,
1238,702,,
1239,702,,
1240,702,,
1241,702,,
1242,702,,
1243,703,,
1244,703,,
1245,703,,
1246,703,,
1247,704,,
1248,704,,
1249,704,,
1250,704,,
1251,704,,
1252,705,,
1253,705,,
1254,705,,
1255,705,,
1256,706,,
1257,706,,
1258,706,,
1259,706,,
1260,707,,
1261,707,,
1262,707,,
1263,707,,
1264,707,,
1265,708,,
1266,708,,
1267,708,,
1268,708,,
1269,709,,
1270,709,,
1271,709,,
1272,709,,
1273,709,,
1274,710,,
1275,710,,
1276,710,,
1277,710,,
1278,711,,
1279,711,,
1280,711,,
1281,711,,
1282,711,,
1283,712,,
1284,712,,
1285,712,,
1286,712,,
1287,713,,
1288,713,,
1289,713,,
1290,713,,
1291,713,,
1292,714,,
1293,714,,
1294,714,,
1295,714,,
1296,715,,
1297,715,,
1298,715,,
1299,715,,
1300,715,,
1301,716,,
1302,716,,
1303,716,,
1304,716,,
1305,716,,
1306,717,,
1307,717,,
1308,717,,
1309,717,,
1310,718,,
1311,718,,
1312,718,,
1313,718,,
1314,718,,
1315,719,,
1316,719,,
1317,719,,
1318,719,,
1319,720,,
1320,720,,
1321,720,,
1322,720,,
1323,720,,
1324,721,,
1325,721,,
1326,721,,
1327,721,,
1328,721,,
1329,722,,
1330,722,,
1331,722,,
1332,722,,
1333,722,,
1334,723,,
1335,723,,
1336,723,,
1337,723,,
1338,724,,
1339,724,,
1340,724,,
1341,724,,
1342,724,,
1343,725,,
1344,725,,
1345,725,,
1346,725,,
1347,725,,
1348,726,,
1349,726,,
1350,726,,
1351,726,,
1352,727,,
1353,727,,
1354,727,,
1355,727,,
1356,727,,
1357,728,,
1358,728,,
1359,728,,
1360,728,,
1361,728,,
1362,729,,
1363,729,,
1364,729,,
1365,729,,
1366,729,,
1367,730,,
1368,730,,
1369,730,,
1370,730,,
1371,730,,
1372,731,,
1373,731,,
1374,731,,
1375,731,,
1376,732,,
1377,732,,
1378,732,,
1379,732,,
1380,732,,
1381,733,,
1382,733,,
1383,733,,
1384,733,,
1385,733,,
1386,734,,
1387,734,,
1388,734,,
1389,734,,
1390,734,,
1391,735,,
1392,735,,
1393,735,,
1394,735,,
1395,735,,
1396,736,,
1397,736,,
1398,736,,
1399,736,,
1400,736,,
1401,737,,
1402,737,,
1403,737,,
1404,737,,
1405,737,,
1406,738,,
1407,738,,
1408,738,,
1409,738,,
1410,738,,
1411,739,,
1412,739,,
1413,739,,
1414,739,,
1415,739,,
1416,740,,
1417,740,,
1418,740,,
1419,740,,
1420,740,,
1421,741,,
1422,741,,
1423,741,,
1424,741,,
1425,741,,
1426,742,,
1427,742,,
1428,742,,
1429,742,,
1430,742,,
1431,743,,
1432,743,,
1433,743,,
1434,743,,
1435,743,,
1436,744,,
1437,744,,
1438,744,,
1439,744,,
1440,744,,
1441,745,,
1442,745,,
1443,745,,
1444,745,,
1445,745,,
1446,746,,
1447,746,,
1448,746,,
1449,746,,
1450,746,,
1451,747,,
1452,747,,
1453,747,,
1454,747,,
1455,747,,
1456,748,,
1457,748,,
1458,748,,
1459,748,,
1460,748,,
1461,748,,
1462,749,,
1463,749,,
1464,749,,
1465,749,,
1466,749,,
1467,750,,
1468,750,,
1469,750,,
1470,750,,
1471,750,,
1472,751,,
1473,751,,
1474,751,,
1475,751,,
1476,751,,
1477,752,,
1478,752,,
1479,752,,
1480,752,,
1481,752,,
1482,753,,
1483,753,,
1484,753,,
1485,753,,
1486,753,,
1487,754,,
1488,754,,
1489,754,,
1490,754,,
1491,754,,
1492,754,,
1493,755,,
1494,755,,
1495,755,,
1496,755,,
1497,755,,
1498,756,,
1499,756,,
1500,756,,
1501,756,,
1502,756,,
1503,757,,
1504,757,,
1505,757,,
1506,757,,
1507,757,,
1508,757,,
1509,758,,
1510,758,,
1511,758,,
1512,758,,
1513,758,,
1514,759,,
1515,759,,
1516,759,,
1517,759,,
1518,759,,
1519,760,,
1520,760,,
1521,760,,
1522,760,,
1523,760,,
1524,760,,
1525,761,,
1526,761,,
1527,761,,
1528,761,,
1529,761,,
1530,762,,
1531,762,,
1532,762,,
1533,762,,
1534,762,,
1535,763,,
1536,763,,
1537,763,,
1538,763,,
1539,763,,
1540,763,,
1541,764,,
1542,764,,
1543,764,,
1544,764,,
1545,764,,
1546,765,,
1547,765,,
1548,765,,
1549,765,,
1550,765,,
1551,765,,
1552,766,,
1553,766,,
1554,766,,
1555,766,,
1556,766,,
1557,767,,
1558,767,,
1559,767,,
1560,767,,
1561,767,,
1562,767,,
1563,768,,
1564,768,,
1565,768,,
1566,768,,
1567,768,,
1568,769,,
1569,769,,
1570,769,,
1571,769,,
1572,769,,
1573,769,,
1574,770,,
1575,770,,
1576,770,,
1577,770,,
1578,770,,
1579,771,,
1580,771,,
1581,771,,
1582,771,,
1583,771,,
1584,771,,
1585,772,,
1586,772,,
1587,772,,
1588,772,,
1589,772,,
1590,772,,
1591,773,,
1592,773,,
1593,773,,
1594,773,,
1595,773,,
1596,774,,
1597,774,,
1598,774,,
1599,774,,
1600,774,,
1601,774,,
1602,775,,
1603,775,,
1604,775,,
1605,775,,
1606,775,,
1607,776,,
1608,776,,
1609,776,,
1610,776,,
1611,776,,
1612,776,,
1613,777,,
1614,777,,
1615,777,,
1616,777,,
1617,777,,
1618,777,,
1619,778,,
1620,778,,
1621,778,,
1622,778,,
1623,778,,
1624,778,,
1625,779,,
1626,779,,
1627,779,,
1628,779,,
1629,779,,
1630,780,,
1631,780,,
1632,780,,
1633,780,,
1634,780,,
1635,780,,
1636,781,,
1637,781,,
1638,781,,
1639,781,,
1640,781,,
1641,781,,
1642,782,,
1643,782,,
1644,782,,
1645,782,,
1646,782,,
1647,782,,
1648,783,,
1649,783,,
1650,783,,
1651,783,,
1652,783,,
1653,784,,
1654,784,,
1655,784,,
1656,784,,
1657,784,,
1658,784,,
1659,785,,
1660,785,,
1661,785,,
1662,785,,
1663,785,,
1664,785,,
1665,786,,
1666,786,,
1667,786,,
1668,786,,
1669,786,,
1670,786,,
1671,787,,
1672,787,,
1673,787,,
1674,787,,
1675,787,,
1676,787,,
1677,788,,
1678,788,,
1679,788,,
1680,788,,
1681,788,,
1682,788,,
1683,789,,
1684,789,,
1685,789,,
1686,789,,
1687,789,,
1688,789,,
1689,790,,
1690,790,,
1691,790,,
1692,790,,
1693,790,,
1694,790,,
1695,791,,
1696,791,,
1697,791,,
1698,791,,
1699,791,,
1700,791,,
1701,792,,
1702,792,,
1703,792,,
1704,792,,
1705,792,,
1706,792,,
1707,793,,
1708,793,,
1709,793,,
1710,793,,
1711,793,,
1712,793,,
1713,794,,
1714,794,,
1715,794,,
1716,794,,
1717,794,,
1718,794,,
1719,795,,
1720,795,,
1721,795,,
1722,795,,
1723,795,,
1724,795,,
1725,796,,
1726,796,,
1727,796,,
1728,796,,
1729,796,,
1730,796,,
1731,797,,
1732,797,,
1733,797,,
1734,797,,
1735,797,,
1736,797,,
1737,798,,
1738,798,,
1739,798,,
1740,798,,
1741,798,,
1742,798,,
1743,799,,
1744,799,,
1745,799,,
1746,799,,
1747,799,,
1748,799,,
1749,800,,
1750,800,,
1751,800,,
1752,800,,
1753,800,,
1754,800,,
1755,800,,
1756,801,,
1757,801,,
1758,801,,
1759,801,,
1760,801,,
1761,801,,
1762,802,,
1763,802,,
1764,802,,
1765,802,,
1766,802,,
1767,802,,
1768,803,,
1769,803,,
1770,803,,
1771,803,,
1772,803,,
1773,803,,
1774,804,,
1775,804,,
1776,804,,
1777,804,,
1778,804,,
1779,804,,
1780,805,,
1781,805,,
1782,805,,
1783,805,,
1784,805,,
1785,805,,
1786,805,,
1787,806,,
1788,806,,
1789,806,,
1790,806,,
1791,806,,
1792,806,,
1793,807,,
1794,807,,
1795,807,,
1796,807,,
1797,807,,
1798,807,,
1799,808,,
1800,808,,
1801,808,,
1802,808,,
1803,808,,
1804,808,,
1805,808,,
1806,809,,
1807,809,,
1808,809,,
1809,809,,
1810,809,,
1811,809,,
1812,810,,
1813,810,,
1814,810,,
1815,810,,
1816,810,,
1817,810,,
1818,810,,
1819,811,,
1820,811,,
1821,811,,
1822,811,,
1823,811,,
1824,811,,
1825,812,,
1826,812,,
1827,812,,
1828,812,,
1829,812,,
1830,812,,
1831,813,,
1832,813,,
1833,813,,
1834,813,,
1835,813,,
1836,813,,
1837,813,,
1838,814,,
1839,814,,
1840,814,,
1841,814,,
1842,814,,
1843,814,,
1844,815,,
1845,815,,
1846,815,,
1847,815,,
1848,815,,
1849,815,,
1850,815,,
1851,816,,
1852,816,,
1853,816,,
1854,816,,
1855,816,,
1856,816,,
1857,817,,
1858,817,,
1859,817,,
1860,817,,
1861,817,,
1862,817,,
1863,817,,
1864,818,,
1865,818,,
1866,818,,
1867,818,,
1868,818,,
1869,818,,
1870,818,,
1871,819,,
1872,819,,
1873,819,,
1874,819,,
1875,819,,
1876,819,,
1877,820,,
1878,820,,
1879,820,,
1880,820,,
1881,820,,
1882,820,,
1883,820,,
1884,821,,
1885,821,,
1886,821,,
1887,821,,
1888,821,,
1889,821,,
1890,822,,
1891,822,,
1892,822,,
1893,822,,
1894,822,,
1895,822,,
1896,822,,
1897,823,,
1898,823,,
1899,823,,
1900,823,,
1901,823,,
1902,823,,
1903,823,,
1904,824,,
1905,824,,
1906,824,,
1907,824,,
1908,824,,
1909,824,,
1910,824,,
1911,825,,
1912,825,,
1913,825,,
1914,825,,
1915,825,,
1916,825,,
1917,826,,
1918,826,,
1919,826,,
1920,826,,
1921,826,,
1922,826,,
1923,826,,
1924,827,,
1925,827,,
1926,827,,
1927,827,,
1928,827,,
1929,827,,
1930,827,,
1931,828,,
1932,828,,
1933,828,,
1934,828,,
1935,828,,
1936,828,,
1937,828,,
1938,829,,
1939,829,,
1940,829,,
1941,829,,
1942,829,,
1943,829,,
1944,830,,
1945,830,,
1946,830,,
1947,830,,
1948,830,,
1949,830,,
1950,830,,
1951,831,,
1952,831,,
1953,831,,
1954,831,,
1955,831,,
1956,831,,
1957,831,,
1958,832,,
1959,832,,
1960,832,,
1961,832,,
1962,832,,
1963,832,,
1964,832,,
1965,833,,
1966,833,,
1967,833,,
1968,833,,
1969,833,,
1970,833,,
1971,833,,
1972,834,,
1973,834,,
1974,834,,
1975,834,,
1976,834,,
1977,834,,
1978,834,,
1979,835,,
1980,835,,
1981,835,,
1982,835,,
1983,835,,
1984,835,,
1985,835,,
1986,836,,
1987,836,,
1988,836,,
1989,836,,
1990,836,,
1991,836,,
1992,836,,
1993,837,,
1994,837,,
1995,837,,
1996,837,,
1997,837,,
1998,837,,
1999,837,,
2000,838,,
2001,838,,
2002,838,,
2003,838,,
2004,838,,
2005,838,,
2006,838,,
2007,839,,
2008,839,,
2009,839,,
2010,839,,
2011,839,,
2012,839,,
2013,839,,
2014,840,,
2015,840,,
2016,840,,
2017,840,,
2018,840,,
2019,840,,
2020,840,,
2021,841,,
2022,841,,
2023,841,,
2024,841,,
2025,841,,
2026,841,,
2027,841,,
2028,841,,
2029,842,,
2030,842,,
2031,842,,
2032,842,,
2033,842,,
2034,842,,
2035,842,,
2036,843,,
2037,843,,
2038,843,,
2039,843,,
2040,843,,
2041,843,,
2042,843,,
2043,844,,
2044,844,,
2045,844,,
2046,844,,
2047,844,,
2048,844,,
2049,844,,
2050,845,,
2051,845,,
2052,845,,
2053,845,,
2054,845,,
2055,845,,
2056,845,,
2057,846,,
2058,846,,
2059,846,,
2060,846,,
2061,846,,
2062,846,,
2063,846,,
2064,846,,
2065,847,,
2066,847,,
2067,847,,
2068,847,,
2069,847,,
2070,847,,
2071,847,,
2072,848,,
2073,848,,
2074,848,,
2075,848,,
2076,848,,
2077,848,,
2078,848,,
2079,849,,
2080,849,,
2081,849,,
2082,849,,
2083,849,,
2084,849,,
2085,849,,
2086,849,,
2087,850,,
2088,850,,
2089,850,,
2090,850,,
2091,850,,
2092,850,,
2093,850,,
2094,851,,
2095,851,,
2096,851,,
2097,851,,
2098,851,,
2099,851,,
2100,851,,
2101,852,,
2102,852,,
2103,852,,
2104,852,,
2105,852,,
2106,852,,
2107,852,,
2108,852,,
2109,853,,
2110,853,,
2111,853,,
2112,853,,
2113,853,,
2114,853,,
2115,853,,
2116,854,,
2117,854,,
2118,854,,
2119,854,,
2120,854,,
2121,854,,
2122,854,,
2123,854,,
2124,855,,
2125,855,,
2126,855,,
2127,855,,
2128,855,,
2129,855,,
2130,855,,
2131,856,,
2132,856,,
2133,856,,
2134,856,,
2135,856,,
2136,856,,
2137,856,,
2138,856,,
2139,857,,
2140,857,,
2141,857,,
2142,857,,
2143,857,,
2144,857,,
2145,857,,
2146,858,,
2147,858,,
2148,858,,
2149,858,,
2150,858,,
2151,858,,
2152,858,,
2153,858,,
2154,859,,
2155,859,,
2156,859,,
2157,859,,
2158,859,,
2159,859,,
2160,859,,
2161,860,,
2162,860,,
2163,860,,
2164,860,,
2165,860,,
2166,860,,
2167,860,,
2168,860,,
2169,861,,
2170,861,,
2171,861,,
2172,861,,
2173,861,,
2174,861,,
2175,861,,
2176,861,,
2177,862,,
2178,862,,
2179,862,,
2180,862,,
2181,862,,
2182,862,,
2183,862,,
2184,863,,
2185,863,,
2186,863,,
2187,863,,
2188,863,,
2189,863,,
2190,863,,
2191,863,,
2192,864,,
2193,864,,
2194,864,,
2195,864,,
2196,864,,
2197,864,,
2198,864,,
2199,864,,
2200,865,,
2201,865,,
2202,865,,
2203,865,,
2204,865,,
2205,865,,
2206,865,,
2207,865,,
2208,866,,
2209,866,,
2210,866,,
2211,866,,
2212,866,,
2213,866,,
2214,866,,
2215,867,,
2216,867,,
2217,867,,
2218,867,,
2219,867,,
2220,867,,
2221,867,,
2222,867,,
2223,868,,
2224,868,,
2225,868,,
2226,868,,
2227,868,,
2228,868,,
2229,868,,
2230,868,,
2231,869,,
2232,869,,
2233,869,,
2234,869,,
2235,869,,
2236,869,,
2237,869,,
2238,869,,
2239,870,,
2240,870,,
2241,870,,
2242,870,,
2243,870,,
2244,870,,
2245,870,,
2246,870,,
2247,871,,
2248,871,,
2249,871,,
2250,871,,
2251,871,,
2252,871,,
2253,871,,
2254,871,,
2255,872,,
2256,872,,
2257,872,,
2258,872,,
2259,872,,
2260,872,,
2261,872,,
2262,872,,
2263,873,,
2264,873,,
2265,873,,
2266,873,,
2267,873,,
2268,873,,
2269,873,,
2270,873,,
2271,874,,
2272,874,,
2273,874,,
2274,874,,
2275,874,,
2276,874,,
2277,874,,
2278,874,,
2279,875,,
2280,875,,
2281,875,,
2282,875,,
2283,875,,
2284,875,,
2285,875,,
2286,875,,
2287,876,,
2288,876,,
2289,876,,
2290,876,,
2291,876,,
2292,876,,
2293,876,,
2294,876,,
2295,877,,
2296,877,,
2297,877,,
2298,877,,
2299,877,,
2300,877,,
2301,877,,
2302,877,,
2303,878,,
2304,878,,
2305,878,,
2306,878,,
2307,878,,
2308,878,,
2309,878,,
2310,878,,
2311,879,,
2312,879,,
2313,879,,
2314,879,,
2315,879,,
2316,879,,
2317,879,,
2318,879,,
2319,880,,
2320,880,,
2321,880,,
2322,880,,
2323,880,,
2324,880,,
2325,880,,
2326,880,,
2327,881,,
2328,881,,
2329,881,,
2330,881,,
2331,881,,
2332,881,,
2333,881,,
2334,881,,
2335,881,,
2336,882,,
2337,882,,
2338,882,,
2339,882,,
2340,882,,
2341,882,,
2342,882,,
2343,882,,
2344,883,,
2345,883,,
2346,883,,
2347,883,,
2348,883,,
2349,883,,
2350,883,,
2351,883,,
2352,884,,
2353,884,,
2354,884,,
2355,884,,
2356,884,,
2357,884,,
2358,884,,
2359,884,,
2360,884,,
2361,885,,
2362,885,,
2363,885,,
2364,885,,
2365,885,,
2366,885,,
2367,885,,
2368,885,,
2369,886,,
2370,886,,
2371,886,,
2372,886,,
2373,886,,
2374,886,,
2375,886,,
2376,886,,
2377,887,,
2378,887,,
2379,887,,
2380,887,,
2381,887,,
2382,887,,
2383,887,,
2384,887,,
2385,887,,
2386,888,,
2387,888,,
2388,888,,
2389,888,,
2390,888,,
2391,888,,
2392,888,,
2393,888,,
2394,889,,
2395,889,,
2396,889,,
2397,889,,
2398,889,,
2399,889,,
2400,889,,
2401,889,,
2402,889,,
2403,890,,
2404,890,,
2405,890,,
2406,890,,
2407,890,,
2408,890,,
2409,890,,
2410,890,,
2411,891,,
2412,891,,
2413,891,,
2414,891,,
2415,891,,
2416,891,,
2417,891,,
2418,891,,
2419,891,,
2420,892,,
2421,892,,
2422,892,,
2423,892,,
2424,892,,
2425,892,,
2426,892,,
2427,892,,
2428,893,,
2429,893,,
2430,893,,
2431,893,,
2432,893,,
2433,893,,
2434,893,,
2435,893,,
2436,893,,
2437,894,,
2438,894,,
2439,894,,
2440,894,,
2441,894,,
2442,894,,
2443,894,,
2444,894,,
2445,895,,
2446,895,,
2447,895,,
2448,895,,
2449,895,,
2450,895,,
2451,895,,
2452,895,,
2453,895,,
2454,896,,
2455,896,,
2456,896,,
2457,896,,
2458,896,,
2459,896,,
2460,896,,
2461,896,,
2462,896,,
2463,897,,
2464,897,,
2465,897,,
2466,897,,
2467,897,,
2468,897,,
2469,897,,
2470,897,,
2471,898,,
2472,898,,
2473,898,,
2474,898,,
2475,898,,
2476,898,,
2477,898,,
2478,898,,
2479,898,,
2480,899,,
2481,899,,
2482,899,,
2483,899,,
2484,899,,
2485,899,,
2486,899,,
2487,899,,
2488,899,,
2489,900,,
2490,900,,
2491,900,,
2492,900,,
2493,900,,
2494,900,,
2495,900,,
2496,900,,
2497,900,,
2498,901,,
2499,901,,
2500,901,,
2501,901,,
2502,901,,
2503,901,,
2504,901,,
2505,901,,
2506,902,,
2507,902,,
2508,902,,
2509,902,,
2510,902,,
2511,902,,
2512,902,,
2513,902,,
2514,902,,
2515,903,,
2516,903,,
2517,903,,
2518,903,,
2519,903,,
2520,903,,
2521,903,,
2522,903,,
2523,903,,
2524,904,,
2525,904,,
2526,904,,
2527,904,,
2528,904,,
2529,904,,
2530,904,,
2531,904,,
2532,904,,
2533,905,,
2534,905,,
2535,905,,
2536,905,,
2537,905,,
2538,905,,
2539,905,,
2540,905,,
2541,905,,
2542,906,,
2543,906,,
2544,906,,
2545,906,,
2546,906,,
2547,906,,
2548,906,,
2549,906,,
2550,906,,
2551,907,,
2552,907,,
2553,907,,
2554,907,,
2555,907,,
2556,907,,
2557,907,,
2558,907,,
2559,907,,
2560,908,,
2561,908,,
2562,908,,
2563,908,,
2564,908,,
2565,908,,
2566,908,,
2567,908,,
2568,908,,
2569,909,,
2570,909,,
2571,909,,
2572,909,,
2573,909,,
2574,909,,
2575,909,,
2576,909,,
2577,909,,
2578,910,,
2579,910,,
2580,910,,
2581,910,,
2582,910,,
2583,910,,
2584,910,,
2585,910,,
2586,910,,
2587,911,,
2588,911,,
2589,911,,
2590,911,,
2591,911,,
2592,911,,
2593,911,,
2594,911,,
2595,911,,
2596,912,,
2597,912,,
2598,912,,
2599,912,,
2600,912,,
2601,912,,
2602,912,,
2603,912,,
2604,912,,
2605,913,,
2606,913,,
2607,913,,
2608,913,,
2609,913,,
2610,913,,
2611,913,,
2612,913,,
2613,913,,
2614,913,,
2615,914,,
2616,914,,
2617,914,,
2618,914,,
2619,914,,
2620,914,,
2621,914,,
2622,914,,
2623,914,,
2624,915,,
2625,915,,
2626,915,,
2627,915,,
2628,915,,
2629,915,,
2630,915,,
2631,915,,
2632,915,,
2633,916,,
2634,916,,
2635,916,,
2636,916,,
2637,916,,
2638,916,,
2639,916,,
2640,916,,
2641,916,,
2642,917,,
2643,917,,
2644,917,,
2645,917,,
2646,917,,
2647,917,,
2648,917,,
2649,917,,
2650,917,,
2651,917,,
2652,918,,
2653,918,,
2654,918,,
2655,918,,
2656,918,,
2657,918,,
2658,918,,
2659,918,,
2660,918,,
2661,919,,
2662,919,,
2663,919,,
2664,919,,
2665,919,,
2666,919,,
2667,919,,
2668,919,,
2669,919,,
2670,919,,
2671,920,,
2672,920,,
2673,920,,
2674,920,,
2675,920,,
2676,920,,
2677,920,,
2678,920,,
2679,920,,
2680,921,,
2681,921,,
2682,921,,
2683,921,,
2684,921,,
2685,921,,
2686,921,,
2687,921,,
2688,921,,
2689,922,,
2690,922,,
2691,922,,
2692,922,,
2693,922,,
2694,922,,
2695,922,,
2696,922,,
2697,922,,
2698,922,,
2699,923,,
2700,923,,
2701,923,,
2702,923,,
2703,923,,
2704,923,,
2705,923,,
2706,923,,
2707,923,,
2708,924,,
2709,924,,
2710,924,,
2711,924,,
2712,924,,
2713,924,,
2714,924,,
2715,924,,
2716,924,,
2717,924,,
2718,925,,
2719,925,,
2720,925,,
2721,925,,
2722,925,,
2723,925,,
2724,925,,
2725,925,,
2726,925,,
2727,925,,
2728,926,,
2729,926,,
2730,926,,
2731,926,,
2732,926,,
2733,926,,
2734,926,,
2735,926,,
2736,926,,
2737,927,,
2738,927,,
2739,927,,
2740,927,,
2741,927,,
2742,927,,
2743,927,,
2744,927,,
2745,927,,
2746,927,,
2747,928,,
2748,928,,
2749,928,,
2750,928,,
2751,928,,
2752,928,,
2753,928,,
2754,928,,
2755,928,,
2756,928,,
2757,929,,
2758,929,,
2759,929,,
2760,929,,
2761,929,,
2762,929,,
2763,929,,
2764,929,,
2765,929,,
2766,930,,
2767,930,,
2768,930,,
2769,930,,
2770,930,,
2771,930,,
2772,930,,
2773,930,,
2774,930,,
2775,930,,
2776,931,,
2777,931,,
2778,931,,
2779,931,,
2780,931,,
2781,931,,
2782,931,,
2783,931,,
2784,931,,
2785,931,,
2786,932,,
2787,932,,
2788,932,,
2789,932,,
2790,932,,
2791,932,,
2792,932,,
2793,932,,
2794,932,,
2795,932,,
2796,933,,
2797,933,,
2798,933,,
2799,933,,
2800,933,,
2801,933,,
2802,933,,
2803,933,,
2804,933,,
2805,933,,
2806,934,,
2807,934,,
2808,934,,
2809,934,,
2810,934,,
2811,934,,
2812,934,,
2813,934,,
2814,934,,
2815,934,,
2816,935,,
2817,935,,
2818,935,,
2819,935,,
2820,935,,
2821,935,,
2822,935,,
2823,935,,
2824,935,,
2825,935,,
2826,936,,
2827,936,,
2828,936,,
2829,936,,
2830,936,,
2831,936,,
2832,936,,
2833,936,,
2834,936,,
2835,936,,
2836,937,,
2837,937,,
2838,937,,
2839,937,,
2840,937,,
2841,937,,
2842,937,,
2843,937,,
2844,937,,
2845,938,,
2846,938,,
2847,938,,
2848,938,,
2849,938,,
2850,938,,
2851,938,,
2852,938,,
2853,938,,
2854,938,,
2855,939,,
2856,939,,
2857,939,,
2858,939,,
2859,939,,
2860,939,,
2861,939,,
2862,939,,
2863,939,,
2864,939,,
2865,940,,
2866,940,,
2867,940,,
2868,940,,
2869,940,,
2870,940,,
2871,940,,
2872,940,,
2873,940,,
2874,940,,
2875,941,,
2876,941,,
2877,941,,
2878,941,,
2879,941,,
2880,941,,
2881,941,,
2882,941,,
2883,941,,
2884,941,,
2885,942,,
2886,942,,
2887,942,,
2888,942,,
2889,942,,
2890,942,,
2891,942,,
2892,942,,
2893,942,,
2894,942,,
2895,943,,
2896,943,,
2897,943,,
2898,943,,
2899,943,,
2900,943,,
2901,943,,
2902,943,,
2903,943,,
2904,943,,
2905,944,,
2906,944,,
2907,944,,
2908,944,,
2909,944,,
2910,944,,
2911,944,,
2912,944,,
2913,944,,
2914,944,,
2915,945,,
2916,945,,
2917,945,,
2918,945,,
2919,945,,
2920,945,,
2921,945,,
2922,945,,
2923,945,,
2924,945,,
2925,946,,
2926,946,,
2927,946,,
2928,946,,
2929,946,,
2930,946,,
2931,946,,
2932,946,,
2933,946,,
2934,946,,
2935,947,,
2936,947,,
2937,947,,
2938,947,,
2939,947,,
2940,947,,
2941,947,,
2942,947,,
2943,947,,
2944,947,,
2945,948,,
2946,948,,
2947,948,,
2948,948,,
2949,948,,
2950,948,,
2951,948,,
2952,948,,
2953,948,,
2954,948,,
2955,949,,
2956,949,,
2957,949,,
2958,949,,
2959,949,,
2960,949,,
2961,949,,
2962,949,,
2963,949,,
2964,949,,
2965,950,,
2966,950,,
2967,950,,
2968,950,,
2969,950,,
2970,950,,
2971,950,,
2972,950,,
2973,950,,
2974,950,,
2975,951,,
2976,951,,
2977,951,,
2978,951,,
2979,951,,
2980,951,,
2981,951,,
2982,951,,
2983,951,,
2984,951,,
2985,952,,
2986,952,,
2987,952,,
2988,952,,
2989,952,,
2990,952,,
2991,952,,
2992,952,,
2993,952,,
2994,952,,
2995,953,,
2996,953,,
2997,953,,
2998,953,,
2999,953,,
3000,953,,
3001,953,,
3002,953,,
3003,953,,
3004,953,,
3005,954,,
3006,954,,
3007,954,,
3008,954,,
3009,954,,
3010,954,,
3011,954,,
3012,954,,
3013,954,,
3014,954,,
3015,955,,
3016,955,,
3017,955,,
3018,955,,
3019,955,,
3020,955,,
3021,955,,
3022,955,,
3023,955,,
3024,955,,
3025,956,,
3026,956,,
3027,956,,
3028,956,,
3029,956,,
3030,956,,
3031,956,,
3032,956,,
3033,956,,
3034,956,,
3035,957,,
3036,957,,
3037,957,,
3038,957,,
3039,957,,
3040,957,,
3041,957,,
3042,957,,
3043,957,,
3044,957,,
3045,958,,
3046,958,,
3047,958,,
3048,958,,
3049,958,,
3050,958,,
3051,958,,
3052,958,,
3053,958,,
3054,958,,
3055,959,,
3056,959,,
3057,959,,
3058,959,,
3059,959,,
3060,959,,
3061,959,,
3062,959,,
3063,959,,
3064,959,,
3065,960,,
3066,960,,
3067,960,,
3068,960,,
3069,960,,
3070,960,,
3071,960,,
3072,960,,
3073,960,,
3074,960,,
3075,961,,
3076,961,,
3077,961,,
3078,961,,
3079,961,,
3080,961,,
3081,961,,
3082,961,,
3083,961,,
3084,961,,
3085,962,,
3086,962,,
3087,962,,
3088,962,,
3089,962,,
3090,962,,
3091,962,,
3092,962,,
3093,962,,
3094,962,,
3095,963,,
3096,963,,
3097,963,,
3098,963,,
3099,963,,
3100,963,,
3101,963,,
3102,963,,
3103,963,,
3104,963,,
3105,964,,
3106,964,,
3107,964,,
3108,964,,
3109,964,,
3110,964,,
3111,964,,
3112,964,,
3113,964,,
3114,964,,
3115,965,,
3116,965,,
3117,965,,
3118,965,,
3119,965,,
3120,965,,
3121,965,,
3122,965,,
3123,965,,
3124,965,,
3125,966,,
3126,966,,
3127,966,,
3128,966,,
3129,966,,
3130,966,,
3131,966,,
3132,966,,
3133,966,,
3134,966,,
3135,967,,
3136,967,,
3137,967,,
3138,967,,
3139,967,,
3140,967,,
3141,967,,
3142,967,,
3143,967,,
3144,967,,
3145,968,,
3146,968,,
3147,968,,
3148,968,,
3149,968,,
3150,968,,
3151,968,,
3152,968,,
3153,968,,
3154,968,,
3155,969,,
3156,969,,
3157,969,,
3158,969,,
3159,969,,
3160,969,,
3161,969,,
3162,969,,
3163,969,,
3164,969,,
3165,970,,
3166,970,,
3167,970,,
3168,970,,
3169,970,,
3170,970,,
3171,970,,
3172,970,,
3173,970,,
3174,970,,
3175,971,,
3176,971,,
3177,971,,
3178,971,,
3179,971,,
3180,971,,
3181,971,,
3182,971,,
3183,971,,
3184,971,,
3185,972,,
3186,972,,
3187,972,,
3188,972,,
3189,972,,
3190,972,,
3191,972,,
3192,972,,
3193,972,,
3194,972,,
3195,973,,
3196,973,,
3197,973,,
3198,973,,
3199,973,,
3200,973,,
3201,973,,
3202,973,,
3203,973,,
3204,973,,
3205,974,,
3206,974,,
3207,974,,
3208,974,,
3209,974,,
3210,974,,
3211,974,,
3212,974,,
3213,974,,
3214,974,,
3215,975,,
3216,975,,
3217,975,,
3218,975,,
3219,975,,
3220,975,,
3221,975,,
3222,975,,
3223,975,,
3224,975,,
3225,976,,
3226,976,,
3227,976,,
3228,976,,
3229,976,,
3230,976,,
3231,976,,
3232,976,,
3233,976,,
3234,976,,
3235,977,,
3236,977,,
3237,977,,
3238,977,,
3239,977,,
3240,977,,
3241,977,,
3242,977,,
3243,977,,
3244,977,,
3245,978,,
3246,978,,
3247,978,,
3248,978,,
3249,978,,
3250,978,,
3251,978,,
3252,978,,
3253,978,,
3254,978,,
3255,979,,
3256,979,,
3257,979,,
3258,979,,
3259,979,,
3260,979,,
3261,979,,
3262,979,,
3263,979,,
3264,979,,
3265,980,,
3266,980,,
3267,980,,
3268,980,,
3269,980,,
3270,980,,
3271,980,,
3272,980,,
3273,980,,
3274,980,,
3275,981,,
3276,981,,
3277,981,,
3278,981,,
3279,981,,
3280,981,,
3281,981,,
3282,981,,
3283,981,,
3284,981,,
3285,982,,
3286,982,,
3287,982,,
3288,982,,
3289,982,,
3290,982,,
3291,982,,
3292,982,,
3293,982,,
3294,982,,
3295,983,,
3296,983,,
3297,983,,
3298,983,,
3299,983,,
3300,983,,
3301,983,,
3302,983,,
3303,983,,
3304,983,,
3305,984,,
3306,984,,
3307,984,,
3308,984,,
3309,984,,
3310,984,,
3311,984,,
3312,984,,
3313,984,,
3314,984,,
3315,985,,
3316,985,,
3317,985,,
3318,985,,
3319,985,,
3320,985,,
3321,985,,
3322,985,,
3323,985,,
3324,985,,
3325,986,,
3326,986,,
3327,986,,
3328,986,,
3329,986,,
3330,986,,
3331,986,,
3332,986,,
3333,986,,
3334,986,,
3335,987,,
3336,987,,
3337,987,,
3338,987,,
3339,987,,
3340,987,,
3341,987,,
3342,987,,
3343,987,,
3344,987,,
3345,988,,
3346,988,,
3347,988,,
3348,988,,
3349,988,,
3350,988,,
3351,988,,
3352,988,,
3353,988,,
3354,988,,
3355,989,,
3356,989,,
3357,989,,
3358,989,,
3359,989,,
3360,989,,
3361,989,,
3362,989,,
3363,989,,
3364,989,,
3365,990,,
3366,990,,
3367,990,,
3368,990,,
3369,990,,
3370,990,,
3371,990,,
3372,990,,
3373,990,,
3374,990,,
3375,991,,
3376,991,,
3377,991,,
3378,991,,
3379,991,,
3380,991,,
3381,991,,
3382,991,,
3383,991,,
3384,991,,
3385,992,,
3386,992,,
3387,992,,
3388,992,,
3389,992,,
3390,992,,
3391,992,,
3392,992,,
3393,992,,
3394,992,,
3395,993,,
3396,993,,
3397,993,,
3398,993,,
3399,993,,
3400,993,,
3401,993,,
3402,993,,
3403,993,,
3404,993,,
3405,994,,
3406,994,,
3407,994,,
3408,994,,
3409,994,,
3410,994,,
3411,994,,
3412,994,,
3413,994,,
3414,994,,
3415,995,,
3416,995,,
3417,995,,
3418,995,,
3419,995,,
3420,995,,
3421,995,,
3422,995,,
3423,995,,
3424,995,,
3425,996,,
3426,996,,
3427,996,,
3428,996,,
3429,996,,
3430,996,,
3431,996,,
3432,996,,
3433,996,,
3434,996,,
3435,997,,
3436,997,,
3437,997,,
3438,997,,
3439,997,,
3440,997,,
3441,997,,
3442,997,,
3443,997,,
3444,997,,
3445,998,,
3446,998,,
3447,998,,
3448,998,,
3449,998,,
3450,998,,
3451,998,,
3452,998,,
3453,998,,
3454,998,,
3455,999,,
3456,999,,
3457,999,,
3458,999,,
3459,999,,
3460,999,,
3461,999,,
3462,999,,
3463,999,,
3464,999,,
3465,1000,,
3466,1000,,
3467,1000,,
3468,1000,,
3469,1000,,
3470,1000,,
3471,1000,,
3472,1000,,
3473,1000,,
3474,1000,,
3475,1001,,
3476,1001,,
3477,1001,,
3478,1001,,
3479,1001,,
3480,1001,,
3481,1001,,
3482,1001,,
3483,1001,,
3484,1001,,
3485,1002,,
3486,1002,,
3487,1002,,
3488,1002,,
3489,1002,,
3490,1002,,
3491,1002,,
3492,1002,,
3493,1002,,
3494,1002,,
3495,1003,,
3496,1003,,
3497,1003,,
3498,1003,,
3499,1003,,
3500,1003,,
3501,1003,,
3502,1003,,
3503,1003,,
3504,1003,,
3505,1004,,
3506,1004,,
3507,1004,,
3508,1004,,
3509,1004,,
3510,1004,,
3511,1004,,
3512,1004,,
3513,1004,,
3514,1004,,
3515,1005,,
3516,1005,,
3517,1005,,
3518,1005,,
3519,1005,,
3520,1005,,
3521,1005,,
3522,1005,,
3523,1005,,
3524,1005,,
3525,1006,,
3526,1006,,
3527,1006,,
3528,1006,,
3529,1006,,
3530,1006,,
3531,1006,,
3532,1006,,
3533,1006,,
3534,1006,,
3535,1007,,
3536,1007,,
3537,1007,,
3538,1007,,
3539,1007,,
3540,1007,,
3541,1007,,
3542,1007,,
3543,1007,,
3544,1007,,
3545,1008,,
3546,1008,,
3547,1008,,
3548,1008,,
3549,1008,,
3550,1008,,
3551,1008,,
3552,1008,,
3553,1008,,
3554,1008,,
3555,1009,,
3556,1009,,
3557,1009,,
3558,1009,,
3559,1009,,
3560,1009,,
3561,1009,,
3562,1009,,
3563,1009,,
3564,1009,,
3565,1010,,
3566,1010,,
3567,1010,,
3568,1010,,
3569,1010,,
3570,1010,,
3571,1010,,
3572,1010,,
3573,1010,,
3574,1010,,
3575,1011,,
3576,1011,,
3577,1011,,
3578,1011,,
3579,1011,,
3580,1011,,
3581,1011,,
3582,1011,,
3583,1011,,
3584,1011,,
3585,1012,,
3586,1012,,
3587,1012,,
3588,1012,,
3589,1012,,
3590,1012,,
3591,1012,,
3592,1012,,
3593,1012,,
3594,1012,,
3595,1013,,
3596,1013,,
3597,1013,,
3598,1013,,
3599,1013,,
3600,1013,,
3601,1013,,
3602,1013,,
3603,1013,,
3604,1013,,
3605,1014,,
3606,1014,,
3607,1014,,
3608,1014,,
3609,1014,,
3610,1014,,
3611,1014,,
3612,1014,,
3613,1014,,
3614,1014,,
3615,1015,,
3616,1015,,
3617,1015,,
3618,1015,,
3619,1015,,
3620,1015,,
3621,1015,,
3622,1015,,
3623,1015,,
3624,1015,,
3625,1016,,
3626,1016,,
3627,1016,,
3628,1016,,
3629,1016,,
3630,1016,,
3631,1016,,
3632,1016,,
3633,1016,,
3634,1016,,
3635,1017,,
3636,1017,,
3637,1017,,
3638,1017,,
3639,1017,,
3640,1017,,
3641,1017,,
3642,1017,,
3643,1017,,
3644,1017,,
3645,1018,,
3646,1018,,
3647,1018,,
3648,1018,,
3649,1018,,
3650,1018,,
3651,1018,,
3652,1018,,
3653,1018,,
3654,1018,,
3655,1019,,
3656,1019,,
3657,1019,,
3658,1019,,
3659,1019,,
3660,1019,,
3661,1019,,
3662,1019,,
3663,1019,,
3664,1019,,
3665,1020,,
3666,1020,,
3667,1020,,
3668,1020,,
3669,1020,,
3670,1020,,
3671,1020,,
3672,1020,,
3673,1020,,
3674,1020,,
3675,1021,,
3676,1021,,
3677,1021,,
3678,1021,,
3679,1021,,
3680,1021,,
3681,1021,,
3682,1021,,
3683,1021,,
3684,1021,,
3685,1022,,
3686,1022,,
3687,1022,,
3688,1022,,
3689,1022,,
3690,1022,,
3691,1022,,
3692,1022,,
3693,1022,,
3694,1022,,
3695,1023,,
3696,1023,,
3697,1023,,
3698,1023,,
3699,1023,,
3700,1023,,
3701,1023,,
3702,1023,,
3703,1023,,
3704,1023,,
3705,1023,,
3706,1023,,
3707,1023,,
3708,1023,,
3709,1023,,
3710,1023,,
3711,1023,,
3712,1023,,
3713,1023,,
3714,1023,,
3715,1023,,
3716,1023,,
3717,1023,,
3718,1023,,
3719,1023,,
3720,1023,,
3721,1023,,
3722,1023,,
3723,1023,,
3724,1023,,
3725,1023,,
3726,1023,,
3727,1023,,
3728,1023,,
3729,1023,,
3730,1023,,
3731,1023,,
3732,1023,,
3733,1023,,
3734,1023,,
3735,1023,,
3736,1023,,
3737,1023,,
3738,1023,,
3739,1023,,
3740,1023,,
3741,1023,,
3742,1023,,
3743,1023,,
3744,1023,,
3745,1023,,
3746,1023,,
3747,1023,,
3748,1023,,
3749,1023,,
3750,1023,,
3751,1023,,
3752,1023,,
3753,1023,,
3754,1023,,
3755,1023,,
3756,1023,,
3757,1023,,
3758,1023,,
3759,1023,,
3760,1023,,
3761,1023,,
3762,1023,,
3763,1023,,
3764,1023,,
3765,1023,,
3766,1023,,
3767,1023,,
3768,1023,,
3769,1023,,
3770,1023,,
3771,1023,,
3772,1023,,
3773,1023,,
3774,1023,,
3775,1023,,
3776,1023,,
3777,1023,,
3778,1023,,
3779,1023,,
3780,1023,,
3781,1023,,
3782,1023,,
3783,1023,,
3784,1023,,
3785,1023,,
3786,1023,,
3787,1023,,
3788,1023,,
3789,1023,,
3790,1023,,
3791,1023,,
3792,1023,,
3793,1023,,
3794,1023,,
3795,1023,,
3796,1023,,
3797,1023,,
3798,1023,,
3799,1023,,
3800,1023,,
3801,1023,,
3802,1023,,
3803,1023,,
3804,1023,,
3805,1023,,
3806,1023,,
3807,1023,,
3808,1023,,
3809,1023,,
3810,1023,,
3811,1023,,
3812,1023,,
3813,1023,,
3814,1023,,
3815,1023,,
3816,1023,,
3817,1023,,
3818,1023,,
3819,1023,,
3820,1023,,
3821,1023,,
3822,1023,,
3823,1023,,
3824,1023,,
3825,1023,,
3826,1023,,
3827,1023,,
3828,1023,,
3829,1023,,
3830,1023,,
3831,1023,,
3832,1023,,
3833,1023,,
3834,1023,,
3835,1023,,
3836,1023,,
3837,1023,,
3838,1023,,
3839,1023,,
3840,1023,,
3841,1023,,
3842,1023,,
3843,1023,,
3844,1023,,
3845,1023,,
3846,1023,,
3847,1023,,
3848,1023,,
3849,1023,,
3850,1023,,
3851,1023,,
3852,1023,,
3853,1023,,
3854,1023,,
3855,1023,,
3856,1023,,
3857,1023,,
3858,1023,,
3859,1023,,
3860,1023,,
3861,1023,,
3862,1023,,
3863,1023,,
3864,1023,,
3865,1023,,
3866,1023,,
3867,1023,,
3868,1023,,
3869,1023,,
3870,1023,,
3871,1023,,
3872,1023,,
3873,1023,,
3874,1023,,
3875,1023,,
3876,1023,,
3877,1023,,
3878,1023,,
3879,1023,,
3880,1023,,
3881,1023,,
3882,1023,,
3883,1023,,
3884,1023,,
3885,1023,,
3886,1023,,
3887,1023,,
3888,1023,,
3889,1023,,
3890,1023,,
3891,1023,,
3892,1023,,
3893,1023,,
3894,1023,,
3895,1023,,
3896,1023,,
3897,1023,,
3898,1023,,
3899,1023,,
3900,1023,,
3901,1023,,
3902,1023,,
3903,1023,,
3904,1023,,
3905,1023,,
3906,1023,,
3907,1023,,
3908,1023,,
3909,1023,,
3910,1023,,
3911,1023,,
3912,1023,,
3913,1023,,
3914,1023,,
3915,1023,,
3916,1023,,
3917,1023,,
3918,1023,,
3919,1023,,
3920,1023,,
3921,1023,,
3922,1023,,
3923,1023,,
3924,1023,,
3925,1023,,
3926,1023,,
3927,1023,,
3928,1023,,
3929,1023,,
3930,1023,,
3931,1023,,
3932,1023,,
3933,1023,,
3934,1023,,
3935,1023,,
3936,1023,,
3937,1023,,
3938,1023,,
3939,1023,,
3940,1023,,
3941,1023,,
3942,1023,,
3943,1023,,
3944,1023,,
3945,1023,,
3946,1023,,
3947,1023,,
3948,1023,,
3949,1023,,
3950,1023,,
3951,1023,,
3952,1023,,
3953,1023,,
3954,1023,,
3955,1023,,
3956,1023,,
3957,1023,,
3958,1023,,
3959,1023,,
3960,1023,,
3961,1023,,
3962,1023,,
3963,1023,,
3964,1023,,
3965,1023,,
3966,1023,,
3967,1023,,
3968,1023,,
3969,1023,,
3970,1023,,
3971,1023,,
3972,1023,,
3973,1023,,
3974,1023,,
3975,1023,,
3976,1023,,
3977,1023,,
3978,1023,,
3979,1023,,
3980,1023,,
3981,1023,,
3982,1023,,
3983,1023,,
3984,1023,,
3985,1023,,
3986,1023,,
3987,1023,,
3988,1023,,
3989,1023,,
3990,1023,,
3991,1023,,
3992,1023,,
3993,1023,,
3994,1023,,
3995,1023,,
3996,1023,,
3997,1023,,
3998,1023,,
3999,1023,,
4000,1023,,
4001,1023,,
4002,1023,,
4003,1023,,
4004,1023,,
4005,1023,,
4006,1023,,
4007,1023,,
4008,1023,,
4009,1023,,
4010,1023,,
4011,1023,,
4012,1023,,
4013,1023,,
4014,1023,,
4015,1023,,
4016,1023,,
4017,1023,,
4018,1023,,
4019,1023,,
4020,1023,,
4021,1023,,
4022,1023,,
4023,1023,,
4024,1023,,
4025,1023,,
4026,1023,,
4027,1023,,
4028,1023,,
4029,1023,,
4030,1023,,
4031,1023,,
4032,1023,,
4033,1023,,
4034,1023,,
4035,1023,,
4036,1023,,
4037,1023,,
4038,1023,,
4039,1023,,
4040,1023,,
4041,1023,,
4042,1023,,
4043,1023,,
4044,1023,,
4045,1023,,
4046,1023,,
4047,1023,,
4048,1023,,
4049,1023,,
4050,1023,,
4051,1023,,
4052,1023,,
4053,1023,,
4054,1023,,
4055,1023,,
4056,1023,,
4057,1023,,
4058,1023,,
4059,1023,,
4060,1023,,
4061,1023,,
4062,1023,,
4063,1023,,
4064,1023,,
4065,1023,,
4066,1023,,
4067,1023,,
4068,1023,,
4069,1023,,
4070,1023,,
4071,1023,,
4072,1023,,
4073,1023,,
4074,1023,,
4075,1023,,
4076,1023,,
4077,1023,,
4078,1023,,
4079,1023,,
4080,1023,,
4081,1023,,
4082,1023,,
4083,1023,,
4084,1023,,
4085,1023,,
4086,1023,,
4087,1023,,
4088,1023,,
4089,1023,,
4090,1023,,
4091,1023,,
4092,1023,,
4093,1023,,
4094,1023,,
4095,1023,,
4096,1023,,
